Workbook

Sheet 개요
A1: 《Het Hoekhuis》 네덜란드어 연속 대화문 기획서
A2: 암스테르담 요르단 지구 운하변 건물의 1년 하고도 한 계절. 네덜란드인끼리의 구어 낭독 연습용.
A4: 항목 | B4: 내용
A5: 배경 | B5: 암스테르담 요르단 지구의 운하변 건물 한 채 (1층 브라운 카페, 2층 자전거 수리점·주거, 3~4층 세입자) + 학교, 직장, 병원, 해변, 시청, 얼음 위
A6: 분량 | B6: 총 5부 × 18화 = 90화
A7: 화당 길이 | B7: 120턴 (화자 발화 1회 = 1턴, 지문은 턴 수에 포함하지 않음)
A8: 총 분량 | B8: 10,800턴
A9: 턴 번호 | B9: 표기하지 않음 (Bram : 처럼 화자 이름으로만 구분)
A10: 화자 수 | B10: 한 화 2~4명. 카페 장면은 최대 5명
A11: 구성 원칙 | B11: 네덜란드의 한 해 달력(킹스데이, 신터클라스, 결빙 등)을 따라가는 군상극. 화마다 주인공 인물이 바뀜
A12: 난이도 | B12: A2~C1 혼합 (3장 비율표)
A13: 한글 해석 | B13: 각 화 맨 마지막에 대화 순서대로 수록
A14: 낭독 용도 | B14: 각 화에 낭독 포인트(g/ch, ui, eu, ij/ei, sch, oe/uu, 축약, 억양)를 명시
A16: 집계 ("화별 개요" 시트에서 자동 계산)
A17: 총 화수 | B17: =COUNTA('화별 개요'!B2:B91) -> 90
A18: 화당 턴 수 | B18: 120
A19: 총 턴 수 | B19: =B17*B18 -> 10800
A20: 부 수 | B20: 5
A21: 부당 화수 | B21: 18
A22: ※ 화당 턴 수(파란색)는 입력값입니다. 화별 개요 시트의 턴 수 열과 함께 바꾸면 합계가 갱신됩니다.

Sheet 진행 현황
A1: 부 | B1: 전체 화수 | C1: 작성 완료(초고+검수) | D1: 진행률 | E1: 총 턴 수
A2: 1부 Lente (봄) | B2: =COUNTIF('화별 개요'!C2:C91,A2) -> 18 | C2: =COUNTIFS('화별 개요'!C2:C91,A2,'화별 개요'!H2:H91,"초고완료")+COUNTIFS('화별 개요'!C2:C91,A2,'화별 개요'!H2:H91,"검수완료") -> 0 | D2: =IF(B2=0,0,C2/B2) -> 0 | E2: =SUMIFS('화별 개요'!G2:G91,'화별 개요'!C2:C91,A2) -> 2160
A3: 2부 Zomer (여름) | B3: =COUNTIF('화별 개요'!C2:C91,A3) -> 18 | C3: =COUNTIFS('화별 개요'!C2:C91,A3,'화별 개요'!H2:H91,"초고완료")+COUNTIFS('화별 개요'!C2:C91,A3,'화별 개요'!H2:H91,"검수완료") -> 0 | D3: =IF(B3=0,0,C3/B3) -> 0 | E3: =SUMIFS('화별 개요'!G2:G91,'화별 개요'!C2:C91,A3) -> 2160
A4: 3부 Herfst (가을) | B4: =COUNTIF('화별 개요'!C2:C91,A4) -> 18 | C4: =COUNTIFS('화별 개요'!C2:C91,A4,'화별 개요'!H2:H91,"초고완료")+COUNTIFS('화별 개요'!C2:C91,A4,'화별 개요'!H2:H91,"검수완료") -> 0 | D4: =IF(B4=0,0,C4/B4) -> 0 | E4: =SUMIFS('화별 개요'!G2:G91,'화별 개요'!C2:C91,A4) -> 2160
A5: 4부 Winter (겨울) | B5: =COUNTIF('화별 개요'!C2:C91,A5) -> 18 | C5: =COUNTIFS('화별 개요'!C2:C91,A5,'화별 개요'!H2:H91,"초고완료")+COUNTIFS('화별 개요'!C2:C91,A5,'화별 개요'!H2:H91,"검수완료") -> 0 | D5: =IF(B5=0,0,C5/B5) -> 0 | E5: =SUMIFS('화별 개요'!G2:G91,'화별 개요'!C2:C91,A5) -> 2160
A6: 5부 Nieuwe lente (이듬해 봄) | B6: =COUNTIF('화별 개요'!C2:C91,A6) -> 18 | C6: =COUNTIFS('화별 개요'!C2:C91,A6,'화별 개요'!H2:H91,"초고완료")+COUNTIFS('화별 개요'!C2:C91,A6,'화별 개요'!H2:H91,"검수완료") -> 0 | D6: =IF(B6=0,0,C6/B6) -> 0 | E6: =SUMIFS('화별 개요'!G2:G91,'화별 개요'!C2:C91,A6) -> 2160
A7: 합계 | B7: =SUM(B2:B6) -> 90 | C7: =SUM(C2:C6) -> 0 | D7: =IF(B7=0,0,C7/B7) -> 0 | E7: =SUM(E2:E6) -> 10800
A9: '화별 개요' 시트의 작성 상태(H열)를 바꾸면 이 표가 자동 갱신됩니다.

Sheet 등장인물
A1: 이름 | B1: 설정 | C1: 맡는 소재
A2: Bram de Wit (브람 더 윗) | B2: 58세, 카페 주인, 아약스 열성 팬. 말이 많고 정이 많음 | C2: 창업·경영, 스포츠, 이웃 소문
A3: Marieke de Wit (마리커) | B3: 34세, 브람의 딸, IT 회사 팀장. 일에 치여 삶 | C3: 직장 합의 문화, 육아, 이직
A4: Daan Veldhuis (단 펠트하위스) | B4: 31세, 건물 2층 자전거 수리공, 프리랜서(ZZP). 느긋하고 유머러스 | C4: 자전거, 가게 운영, 프리랜서
A5: Yasmin Aksoy (야스민 악소이) | B5: 40세, 터키계 네덜란드인, 초등학교 groep 7(가을부터 groep 8) 아들 Emre의 엄마 | C5: 학교, 학부모 모임, 정체성, 협동조합
A6: Opa Kees (오파 케이스) | B6: 83~84세(6화 83세 생일, 88화 84세 생일), 3층 오래된 세입자. 젤란트 출신으로 열 살에 1953년 홍수를 겪었고, 전쟁 이야기는 부모에게서 들음. 스케이팅과 옛이야기 | C6: 명절, 얼음, 회상, 노년, 건강
A7: Jesse van Dijk (예서 판 데이크) | B7: 27세, 친구 집 소파를 전전하는 청년. 마케팅 계약직 | C7: 주택난, 월세, 연애, 이사
A8: Mevrouw Smit (스미트 부인) | B8: 62세, 옆집 이웃. 규칙에 엄격하나 속은 따뜻함. 고양이 Poes를 키움 | C8: 소음·쓰레기·계단 청소, 반려동물
A9: Emre Aksoy (에므레) | B9: 10세(1부) → 11세, 야스민의 아들. 1부 봄에는 groep 7, 3부 가을부터 초등 마지막 학년 groep 8 | C9: 학교, 자전거, 스마트폰
A10: Karin (카린) | B10: 45세, 카페 단골이자 바텐더 알바 | C10: 카페 소문, 중매, 구어 담당
A11: Tess van Gils (테스) | B11: 28세, 예서가 앱에서 만난 데이트 상대 | C11: 연애
A12: Hatice & Mustafa Aksoy (하티제와 무스타파) | B12: 60대, 야스민의 부모님 | C12: 이주·정체성, 세대
... A17: Mr. Hendriks (헨드릭스) | B17: 50대, 세입자 변호사 | C17: 법률 상담 (u 격식체)

Sheet 난이도 설계
A1: 부 | B1: 계절 | C1: 상황 | D1: 주 난이도 | E1: A2 | F1: B1 | G1: B2 | H1: C1 | I1: 합계
A2: 1부 Lente | B2: 봄 | C2: 소개와 일상 | D2: A2~B1 | E2: 0.45 | F2: 0.35 | G2: 0.15 | H2: 0.05 | I2: =SUM(E2:H2) -> 1
A3: 2부 Zomer | B3: 여름 | C3: 문제의 확산 | D3: B1~B2 | E3: 0.25 | F3: 0.4 | G3: 0.25 | H3: 0.1 | I3: =SUM(E3:H3) -> 1
A4: 3부 Herfst | B4: 가을 | C4: 위기 | D4: B1~B2 | E4: 0.15 | F4: 0.35 | G4: 0.35 | H4: 0.15 | I4: =SUM(E4:H4) -> 1
A5: 4부 Winter | B5: 겨울 | C5: 연대와 협상 | D5: B2~C1 | E5: 0.1 | F5: 0.25 | G5: 0.4 | H5: 0.25 | I5: =SUM(E5:H5) -> 1
A6: 5부 Nieuwe lente | B6: 이듬해 봄 | C6: 새 출발 | D6: B2~C1 | E6: 0.05 | F6: 0.2 | G6: 0.4 | H6: 0.35 | I6: =SUM(E6:H6) -> 1

Sheet 화별 개요
A1: 화 | B1: 제목 | C1: 부 | D1: 난이도 | E1: 사건 | F1: 학습 포인트 | G1: 턴 수 | H1: 작성 상태
A2: 1 | B2: Een gewone dinsdag in 't Hoekje | C2: 1부 Lente (봄) | D2: A2~B1 | E2: 아침에 브람이 카페 문을 열고 칠판을 내걸며 단골들이 하나둘 들어옴 | F2: 인사, 시간, 주문, 현재형, V2 어순 | G2: 120 | H2: 미작성
A3: 2 | B3: De fiets is weg | C3: 1부 Lente (봄) | D3: A2~B1 | E3: 에므레의 새 자전거가 도난당해 신고하러 감 | F3: 과거 사건 서술, 완료시제(hebben/zijn), 신고 표현 | G3: 120 | H3: 미작성
A4: 3 | B4: Lawaai na tienen | C4: 1부 Lente (봄) | D4: A2~B1 | E4: 예서 친구들의 소음으로 스미트 부인이 항의 | F4: 정중한 항의, kunnen/moeten/mogen, 사과 | G4: 120 | H4: 미작성
A5: 4 | B5: Koffie of thee? | C5: 1부 Lente (봄) | D5: A2~B1 | E5: 카페 단골들의 날씨 수다와 주문 | F5: 날씨 잡담, 비교급, 담화표지 | G5: 120 | H5: 미작성
A6: 5 | B6: Het schoolplein | C6: 1부 Lente (봄) | D6: A2~B1 | E6: 야스민이 학부모들과 숙제와 학교 행사를 이야기 | F6: 일정 말하기, 의무·허락, er 용법 입문 | G6: 120 | H6: 미작성
A7: 6 | B7: Verjaardag van Opa Kees | C7: 1부 Lente (봄) | D7: A2~B1 | E7: 83세 생일, 원형으로 둘러앉아 인사하는 버르다흐 | F7: 축하 표현, 서수·날짜, 가족 호칭 | G7: 120 | H7: 미작성
A8: 7 | B8: Ajax op de buis | C8: 1부 Lente (봄) | D8: A2~B1 | E8: 카페에서 경기 중계를 보며 해설과 야유 | F8: 감탄·의견 표현, 스포츠 어휘, 축소어 | G8: 120 | H8: 미작성
A9: 8 | B9: De huurverhoging | C9: 1부 Lente (봄) | D9: A2~B1 | E9: 월세 인상 통지를 받은 이웃들의 반응 | F9: 숫자·퍼센트, 걱정 표현, 부정문 | G9: 120 | H9: 미작성
A10: 9 | B10: De kat van mevrouw Smit | C10: 1부 Lente (봄) | D10: A2~B1 | E10: 스미트 부인의 고양이 Poes가 사라져 이웃이 함께 찾아다님 | F10: 반려동물 어휘, 외모 묘사, 장소 전치사 | G10: 120 | H10: 미작성
A11: 10 | B11: Bitterballen en borrelhapjes | C11: 1부 Lente (봄) | D11: A2~B1 | E11: 카페의 새 안주 메뉴를 시식하고 단골이 평가 | F11: 음식 어휘, 맛 표현, 취향 비교 | G11: 120 | H11: 미작성
A12: 11 | B12: Opa Kees leert appen | C12: 1부 Lente (봄) | D12: A2~B1 | E12: 에므레가 오파 케이스에게 스마트폰을 가르치다 사기 문자를 가려냄 | F12: 기술 어휘, 설명·지시 화법, 명령형 | G12: 120 | H12: 미작성
A13: 12 | B13: Koningsnacht | C13: 1부 Lente (봄) | D13: A2~B1 | E13: 킹스데이 전날 밤의 준비와 설렘 | F13: 계획 말하기(gaan + 부정사), 시간 표현 | G13: 120 | H13: 미작성
... A91: 90 | B91: Een gewone dinsdag in 't Hoekje | C91: 5부 Nieuwe lente (이듬해 봄) | D91: B2~C1 | E91: 다시 시작되는 화요일 아침. 마리커가 칠판을 내걸고 첫 손님이 들어옴 | F91: 1화 수미상관, 총정리 | G91: 120 | H91: 미작성

Sheet 문체 원칙
A1: 항목 | B1: 원칙
A2: 기본 문체 | B2: 일상 구어. 암스테르담 억양과 어휘를 반영하되 표기는 표준 철자를 따름
A3: 구어 특징 | B3: 축약(ik heb 'm, 't is, d'r, zo'n, m'n), 생략문, 문장 끝 확인(hè, toch, of niet, zeg)
A4: 담화표지 | B4: nou, ja, hoor, even, gewoon, eigenlijk, joh, man, tja, hè, zeg 등을 자연스럽게 배치
A5: 호칭 | B5: 친구·가족·동료는 je/jij, 노인과 격식 장면(은행, 변호사, 투자회사, 공무원, 의사)은 u. 호칭 전환 장면을 의도적으로 넣음
A6: 어휘 층위 | B6: 카페와 가족 사이는 생생한 속어 (balen, kut-weer, lekker, tof, knap, joh, aanstellerij)
A7: 거친 표현 | B7: 압박과 다툼 장면에서 shit, verdomme, godverdomme, klote, kut, tering 정도까지 허용. 질병을 이용한 저주와 모욕·차별·성적 표현은 제외. 격식 장면과 아이 앞에서는 쓰지 않음
A8: 감정 폭발 | B8: 3부 위기와 가족 다툼에서 말 끊기, 소리침, 중얼거림 등 날것의 구어 리듬을 살림
A9: 학습 안전장치 | B9: 거친 표현은 [속어] 태그로 구분하고, 분석에서 쓸 수 있는 상황과 쓰면 안 되는 상황을 한 줄로 명시
A10: 문장 길이 | B10: 한 호흡 15단어 이내를 기본으로 하고, 긴 설명도 두세 덩어리로 나눈다
A11: 지명·고유명 | B11: 현실 지명과 행사(킹스데이, 신터클라스 등)는 실제 문화를 반영하되 인물·업체·사건은 모두 허구
A12: 민감 소재 | B12: 건강, 장례, 이주·정체성, 정치는 특정 정당·집단 비하 없이 인물의 일상 시선으로 다룸. 정치 장면은 실제 정당명 대신 허구의 동네 후보 이름 사용

Sheet 부별 어휘 영역
A1: 부 | B1: 핵심 어휘 영역
A2: 1부 | B2: 카페·주문, 날씨 잡담, 자전거, 이웃, 반려동물, 음식·안주, 스마트폰, 생일, 학교, 킹스데이·기념일
A3: 2부 | B3: 주택 임대(Funda, 월세, 룸메이트), 직장 회의·피드백, 해변·휴가, 번아웃, 관광, 교통·파업, 연애, 폭염, 문화 행사
A4: 3부 | B4: 대출·은행, 법률·세입자 권리, 의료·보험, 고용 형태·실업수당, 회의 토론, 폭우·누수, 가족 갈등, 이직, 장례·애도, 재난 회상
A5: 4부 | B5: 협동조합·자금 계산, 자원봉사, 가족사·언어, 연말, 얼음과 스케이팅, 학교 추천, 동네 선거, 발표와 협상
A6: 5부 | B6: 공증·계약, 에너지·태양광, 공사, 이사, 시험 결과, 결혼식, 승계, 이웃 축제, 정착

Sheet 소재별 배치
A1: 소재 | B1: 주요 화 | C1: 담당 인물
A2: 주택난·월세 | B2: 8, 20, 21, 30, 33, 52, 78 | C2: 예서, 마리커
A3: 자전거 | B3: 2, 16, 40, 79 | C3: 단, 에므레
A4: 생일(버르다흐) | B4: 6, 88 | C4: 오파 케이스, 브람, 마리커
A5: 직장 합의 문화 | B5: 22, 23, 26, 50 | C5: 마리커
A6: 이웃 갈등 | B6: 3, 9, 35, 44, 77, 81 | C6: 스미트 부인, 예서
A7: 창업·경영 | B7: 17, 39, 40, 68, 79, 83 | C7: 브람, 단
A8: 가족·명절 | B8: 12~15, 55, 60, 62, 84, 85 | C8: 전 인물
A9: 날씨·레저 | B9: 24, 25, 31, 63, 64 | C9: 오파 케이스, 브람
A10: 스포츠 | B10: 7, 42, 70 | C10: 브람, 단골들
A11: 학교·교육 | B11: 5, 41, 65, 80 | C11: 야스민, 에므레
A12: 건강·의료보험 | B12: 43 | C12: 오파 케이스, 얀선 의사
... A27: 노년 생활 | B27: 11, 43, 51, 53, 64, 88 | C27: 오파 케이스
